<?xml version="1.0" encoding="UTF-8" standalone="yes"?>
<addon id="plugin.program.lazyp1gbuilder" name="[COLOR hotpink]Lazyp1g Builder[/COLOR]" version="1.0" provider-name="Lazyp1g">
    <requires>
        <import addon="xbmc.python" version="3.0.0" />
        <import addon="script.module.requests" />
        <import addon="script.module.six" />
        <import addon="script.kodi.android.update" optional="true" version="1.1.7" />
        <import addon="script.speedtester" optional="true" version="1.1.3" />
    </requires>
    
    <extension point="xbmc.python.pluginsource" library="default.py">
        <provides>executable</provides>
    </extension>
    
    <extension point="xbmc.service" library="startup.py" start="startup" />
    
    <extension point="xbmc.addon.metadata">
        <summary lang="en">For Kodi 19/20/21.</summary>
        <description lang="en">Tool used to install and maintain custom Kodi builds. Rebranded from OpenWizard.</description>
        <platform>all</platform>
        <reuselanguageinvoker>false</reuselanguageinvoker>
        <source>https://www.github.com/a4k-openproject/plugin.program.openwizard/</source>
        <news>
1.0
 -
        </news>
        <assets>
            <icon>icon.png</icon>
            <fanart>fanart.png</fanart>
        </assets>
    </extension>
</addon>
